,Title,Profit,Popularity,Metascore,Stars,Writer,Director,Release Date,Genre(s),Rating,IMDB Rating
0,The Shawshank Redemption,28815245.0,32.0,80.0,"['Tim Robbins', 'Morgan Freeman', 'Bob Gunton']","['Stephen King', 'Frank Darabont']",['Frank Darabont'],14 October 1994,['Drama'],R,9.3
1,The Godfather,246120974.0,52.0,100.0,"['Marlon Brando', 'Al Pacino', 'James Caan']","['Mario Puzo', 'Francis Ford Coppola']",['Francis Ford Coppola'],24 March 1972,"['Crime', 'Drama']",R,9.2
2,The Godfather: Part II,48035783.0,333.0,90.0,"['Al Pacino', 'Robert De Niro', 'Robert Duvall']","['Francis Ford Coppola', 'Mario Puzo']",['Francis Ford Coppola'],18 December 1974,"['Crime', 'Drama']",R,9.0
3,The Dark Knight,1037989858.0,59.0,84.0,"['Christian Bale', 'Heath Ledger', 'Aaron Eckhart']","['Jonathan Nolan', 'Christopher Nolan']",['Christopher Nolan'],18 July 2008,"['Action', 'Crime', 'Drama']",PG-13,9.0
4,12 Angry Men,576.0,372.0,96.0,"['Henry Fonda', 'Lee J. Cobb', 'Martin Balsam']","['Reginald Rose', 'Reginald Rose']",['Sidney Lumet'],10 April 1957,"['Crime', 'Drama']",Approved,8.9
5,Schindler's List,322287794.0,89.0,94.0,"['Liam Neeson', 'Ralph Fiennes', 'Ben Kingsley']","['Thomas Keneally', 'Steven Zaillian']",['Steven Spielberg'],4 February 1994,"['Biography', 'Drama', 'History']",R,8.9
6,The Lord of the Rings: The Return of the King,1141986831.0,293.0,94.0,"['Elijah Wood', 'Viggo Mortensen', 'Ian McKellen']","['J.R.R. Tolkien', 'Fran Walsh']",['Peter Jackson'],17 December 2003,"['Adventure', 'Drama', 'Fantasy']",PG-13,8.9
7,Pulp Fiction,222831519.0,83.0,94.0,"['John Travolta', 'Uma Thurman', 'Samuel L. Jackson']","['Quentin Tarantino', 'Roger Avary']",['Quentin Tarantino'],14 October 1994,"['Crime', 'Drama']",R,8.9
8,"The Good, the Bad and the Ugly",25252481.0,220.0,90.0,"['Clint Eastwood', 'Eli Wallach', 'Lee Van Cleef']","['Luciano Vincenzoni', 'Sergio Leone']",['Sergio Leone'],29 December 1967,['Western'],R,8.8
9,The Lord of the Rings: The Fellowship of the Ring,887840886.0,95.0,92.0,"['Elijah Wood', 'Ian McKellen', 'Orlando Bloom']","['J.R.R. Tolkien', 'Fran Walsh']",['Peter Jackson'],19 December 2001,"['Action', 'Adventure', 'Drama']",PG-13,8.8
10,Fight Club,104502983.0,139.0,66.0,"['Brad Pitt', 'Edward Norton', 'Meat Loaf']","['Chuck Palahniuk', 'Jim Uhls']",['David Fincher'],15 October 1999,['Drama'],R,8.8
11,Forrest Gump,683090613.0,162.0,82.0,"['Tom Hanks', 'Robin Wright', 'Gary Sinise']","['Winston Groom', 'Eric Roth']",['Robert Zemeckis'],6 July 1994,"['Drama', 'Romance']",PG-13,8.8
12,Inception,829899072.0,36.0,74.0,"['Leonardo DiCaprio', 'Joseph Gordon-Levitt', 'Ellen Page']",['Christopher Nolan'],['Christopher Nolan'],16 July 2010,"['Action', 'Adventure', 'Sci-Fi']",PG-13,8.8
13,Star Wars: Episode V - The Empire Strikes Back,557779124.0,424.0,82.0,"['Mark Hamill', 'Harrison Ford', 'Carrie Fisher']","['Leigh Brackett', 'Lawrence Kasdan']",['Irvin Kershner'],20 June 1980,"['Action', 'Adventure', 'Fantasy']",PG,8.7
14,The Lord of the Rings: The Two Towers,951213658.0,497.0,87.0,"['Elijah Wood', 'Ian McKellen', 'Viggo Mortensen']","['J.R.R. Tolkien', 'Fran Walsh']",['Peter Jackson'],18 December 2002,"['Adventure', 'Drama', 'Fantasy']",PG-13,8.7
15,The Matrix,465347581.0,111.0,73.0,"['Keanu Reeves', 'Laurence Fishburne', 'Carrie-Anne Moss']","['Lilly Wachowski', 'Lana Wachowski']","['Lana Wachowski', 'Lilly Wachowski']",31 March 1999,"['Action', 'Sci-Fi']",R,8.7
16,Goodfellas,46879633.0,206.0,90.0,"['Robert De Niro', 'Ray Liotta', 'Joe Pesci']","['Nicholas Pileggi', 'Nicholas Pileggi']",['Martin Scorsese'],21 September 1990,"['Biography', 'Crime', 'Drama']",R,8.7
17,One Flew Over the Cuckoo's Nest,108997629.0,415.0,83.0,"['Jack Nicholson', 'Louise Fletcher', 'Will Sampson']","['Lawrence Hauben', 'Bo Goldman']",['Milos Forman'],19 November 1975,['Drama'],R,8.7
18,Seven Samurai,322773.0,600.0,98.0,"['Toshirô Mifune', 'Takashi Shimura', 'Keiko Tsushima']","['Akira Kurosawa', 'Shinobu Hashimoto']",['Akira Kurosawa'],19 November 1956,"['Action', 'Adventure', 'Drama']",Not Rated,8.6
19,Se7en,327333559.0,157.0,65.0,"['Morgan Freeman', 'Brad Pitt', 'Kevin Spacey']",['Andrew Kevin Walker'],['David Fincher'],22 September 1995,"['Crime', 'Drama', 'Mystery']",R,8.6
20,Life Is Beautiful,230098753.0,616.0,59.0,"['Roberto Benigni', 'Nicoletta Braschi', 'Giorgio Cantarini']","['Vincenzo Cerami', 'Roberto Benigni']",['Roberto Benigni'],12 February 1999,"['Comedy', 'Drama', 'Romance']",PG-13,8.6
21,City of God,30680793.0,871.0,79.0,"['Alexandre Rodrigues', 'Leandro Firmino', 'Matheus Nachtergaele']","['Paulo Lins', 'Bráulio Mantovani']","['Fernando Meirelles', 'Kátia Lund']",13 February 2004,"['Crime', 'Drama']",R,8.6
22,The Silence of the Lambs,272753884.0,87.0,85.0,"['Jodie Foster', 'Anthony Hopkins', 'Lawrence A. Bonney']","['Thomas Harris', 'Ted Tally']",['Jonathan Demme'],14 February 1991,"['Crime', 'Drama', 'Thriller']",R,8.6
23,Hamilton,,4.0,90.0,"['Lin-Manuel Miranda', 'Phillipa Soo', 'Leslie Odom Jr.']","['Lin-Manuel Miranda', 'Ron Chernow']",['Thomas Kail'],3 July 2020,"['Biography', 'Drama', 'History']",PG-13,8.9
24,It's a Wonderful Life,6130720.0,1559.0,89.0,"['James Stewart', 'Donna Reed', 'Lionel Barrymore']","['Frances Goodrich', 'Albert Hackett']",['Frank Capra'],7 January 1947,"['Drama', 'Family', 'Fantasy']",Passed,8.6
25,Star Wars: Episode IV - A New Hope,775521394.0,290.0,90.0,"['Mark Hamill', 'Harrison Ford', 'Carrie Fisher']",['George Lucas'],['George Lucas'],25 May 1977,"['Action', 'Adventure', 'Fantasy']",PG,8.6
26,Saving Private Ryan,482349603.0,169.0,91.0,"['Tom Hanks', 'Matt Damon', 'Tom Sizemore']",['Robert Rodat'],['Steven Spielberg'],24 July 1998,"['Drama', 'War']",R,8.6
27,Spirited Away,353512771.0,278.0,96.0,"['Daveigh Chase', 'Suzanne Pleshette', 'Miyu Irino']",['Hayao Miyazaki'],['Hayao Miyazaki'],28 March 2003,"['Animation', 'Adventure', 'Family']",PG,8.6
28,Parasite,257069980.0,23.0,96.0,"['Kang-ho Song', 'Sun-kyun Lee', 'Yeo-jeong Jo']","['Bong Joon Ho', 'Bong Joon Ho']",['Bong Joon Ho'],8 November 2019,"['Comedy', 'Drama', 'Thriller']",R,8.6
29,The Green Mile,286801374.0,93.0,61.0,"['Tom Hanks', 'Michael Clarke Duncan', 'David Morse']","['Stephen King', 'Frank Darabont']",['Frank Darabont'],10 December 1999,"['Crime', 'Drama', 'Fantasy']",R,8.6
30,Interstellar,677941498.0,40.0,74.0,"['Matthew McConaughey', 'Anne Hathaway', 'Jessica Chastain']","['Jonathan Nolan', 'Christopher Nolan']",['Christopher Nolan'],7 November 2014,"['Adventure', 'Drama', 'Sci-Fi']",PG-13,8.6
31,Léon: The Professional,19552639.0,188.0,64.0,"['Jean Reno', 'Gary Oldman', 'Natalie Portman']",['Luc Besson'],['Luc Besson'],18 November 1994,"['Action', 'Crime', 'Drama']",R,8.5
32,The Usual Suspects,23341568.0,262.0,77.0,"['Kevin Spacey', 'Gabriel Byrne', 'Chazz Palminteri']",['Christopher McQuarrie'],['Bryan Singer'],16 August 1995,"['Crime', 'Mystery', 'Thriller']",R,8.5
33,Harakiri,15222.0,1962.0,85.0,"['Tatsuya Nakadai', 'Akira Ishihama', 'Shima Iwashita']","['Yasuhiko Takiguchi', 'Shinobu Hashimoto']",['Masaki Kobayashi'],4 August 1964,"['Action', 'Drama', 'Mystery']",Not Rated,8.7
34,The Lion King,968511805.0,393.0,88.0,"['Matthew Broderick', 'Jeremy Irons', 'James Earl Jones']","['Irene Mecchi', 'Jonathan Roberts']","['Roger Allers', 'Rob Minkoff']",24 June 1994,"['Animation', 'Adventure', 'Drama']",G,8.5
35,Back to the Future,391352459.0,44.0,87.0,"['Michael J. Fox', 'Christopher Lloyd', 'Lea Thompson']","['Robert Zemeckis', 'Bob Gale']",['Robert Zemeckis'],3 July 1985,"['Adventure', 'Comedy', 'Sci-Fi']",PG,8.5
36,The Pianist,120072577.0,621.0,85.0,"['Adrien Brody', 'Thomas Kretschmann', 'Frank Finlay']","['Ronald Harwood', 'Wladyslaw Szpilman']",['Roman Polanski'],28 March 2003,"['Biography', 'Drama', 'Music']",R,8.5
37,Terminator 2: Judgment Day,520884847.0,374.0,75.0,"['Arnold Schwarzenegger', 'Linda Hamilton', 'Edward Furlong']","['James Cameron', 'William Wisher']",['James Cameron'],3 July 1991,"['Action', 'Sci-Fi']",R,8.5
38,American History X,23875127.0,559.0,62.0,"['Edward Norton', 'Edward Furlong', ""Beverly D'Angelo""]",['David McKenna'],['Tony Kaye'],20 November 1998,['Drama'],R,8.5
39,Modern Times,457688.0,3720.0,96.0,"['Charles Chaplin', 'Paulette Goddard', 'Henry Bergman']",['Charles Chaplin'],['Charles Chaplin'],25 February 1936,"['Comedy', 'Drama', 'Family']",G,8.5
40,Psycho,32000000.0,366.0,97.0,"['Anthony Perkins', 'Janet Leigh', 'Vera Miles']","['Joseph Stefano', 'Robert Bloch']",['Alfred Hitchcock'],8 September 1960,"['Horror', 'Mystery', 'Thriller']",R,8.5
41,Gladiator,460583960.0,82.0,67.0,"['Russell Crowe', 'Joaquin Phoenix', 'Connie Nielsen']","['David Franzoni', 'David Franzoni']",['Ridley Scott'],5 May 2000,"['Action', 'Adventure', 'Drama']",R,8.5
42,City Lights,46008.0,4998.0,99.0,"['Charles Chaplin', 'Virginia Cherrill', 'Florence Lee']",['Charles Chaplin'],['Charles Chaplin'],7 March 1931,"['Comedy', 'Drama', 'Romance']",G,8.5
43,The Departed,291465034.0,183.0,85.0,"['Leonardo DiCaprio', 'Matt Damon', 'Jack Nicholson']","['William Monahan', 'Alan Mak']",['Martin Scorsese'],6 October 2006,"['Crime', 'Drama', 'Thriller']",R,8.5
44,The Intouchables,426588510.0,814.0,57.0,"['François Cluzet', 'Omar Sy', 'Anne Le Ny']","['Olivier Nakache', 'Philippe Pozzo di Borgo']","['Olivier Nakache', 'Éric Toledano']",2 November 2011,"['Biography', 'Comedy', 'Drama']",R,8.5
45,Whiplash,48982041.0,342.0,88.0,"['Miles Teller', 'J.K. Simmons', 'Melissa Benoist']",['Damien Chazelle'],['Damien Chazelle'],15 October 2014,"['Drama', 'Music']",R,8.5
46,The Prestige,109676311.0,154.0,66.0,"['Christian Bale', 'Hugh Jackman', 'Scarlett Johansson']","['Jonathan Nolan', 'Christopher Nolan']",['Christopher Nolan'],20 October 2006,"['Drama', 'Mystery', 'Sci-Fi']",PG-13,8.5
47,Grave of the Fireflies,516962.0,1475.0,94.0,"['Tsutomu Tatsumi', 'Ayano Shiraishi', 'Akemi Yamaguchi']","['Akiyuki Nosaka', 'Isao Takahata']",['Isao Takahata'],26 July 1989,"['Animation', 'Drama', 'War']",Not Rated,8.5
48,Once Upon a Time in the West,112229.0,251.0,80.0,"['Henry Fonda', 'Charles Bronson', 'Claudia Cardinale']","['Sergio Donati', 'Sergio Leone']",['Sergio Leone'],4 July 1969,['Western'],PG-13,8.5
49,Casablanca,4374761.0,774.0,100.0,"['Humphrey Bogart', 'Ingrid Bergman', 'Paul Henreid']","['Julius J. Epstein', 'Philip G. Epstein']",['Michael Curtiz'],23 January 1943,"['Drama', 'Romance', 'War']",PG,8.5
50,Cinema Paradiso,12904646.0,943.0,80.0,"['Philippe Noiret', 'Enzo Cannavale', 'Antonella Attili']","['Giuseppe Tornatore', 'Giuseppe Tornatore']",['Giuseppe Tornatore'],23 February 1990,['Drama'],R,8.5
51,Rear Window,37032034.0,900.0,100.0,"['James Stewart', 'Grace Kelly', 'Wendell Corey']","['John Michael Hayes', 'Cornell Woolrich']",['Alfred Hitchcock'],September 1954,"['Mystery', 'Thriller']",PG,8.4
52,Alien,108108079.0,212.0,89.0,"['Sigourney Weaver', 'Tom Skerritt', 'John Hurt']","[""Dan O'Bannon"", ""Dan O'Bannon""]",['Ridley Scott'],22 June 1979,"['Horror', 'Sci-Fi']",R,8.4
53,Apocalypse Now,91968688.0,122.0,94.0,"['Martin Sheen', 'Marlon Brando', 'Robert Duvall']","['John Milius', 'Francis Ford Coppola']",['Francis Ford Coppola'],15 August 1979,"['Drama', 'Mystery', 'War']",R,8.4
54,Memento,39723096.0,316.0,80.0,"['Guy Pearce', 'Carrie-Anne Moss', 'Joe Pantoliano']","['Christopher Nolan', 'Jonathan Nolan']",['Christopher Nolan'],25 May 2001,"['Mystery', 'Thriller']",R,8.4
55,Raiders of the Lost Ark,390133212.0,246.0,85.0,"['Harrison Ford', 'Karen Allen', 'Paul Freeman']","['Lawrence Kasdan', 'George Lucas']",['Steven Spielberg'],12 June 1981,"['Action', 'Adventure']",PG,8.4
56,The Great Dictator,969879.0,4005.0,,"['Charles Chaplin', 'Paulette Goddard', 'Jack Oakie']",['Charles Chaplin'],['Charles Chaplin'],7 March 1941,"['Comedy', 'Drama', 'War']",Passed,8.4
57,Joker,1074251311.0,24.0,59.0,"['Joaquin Phoenix', 'Robert De Niro', 'Zazie Beetz']","['Todd Phillips', 'Scott Silver']",['Todd Phillips'],4 October 2019,"['Crime', 'Drama', 'Thriller']",R,8.5
58,The Lives of Others,77356942.0,1112.0,89.0,"['Ulrich Mühe', 'Martina Gedeck', 'Sebastian Koch']",['Florian Henckel von Donnersmarck'],['Florian Henckel von Donnersmarck'],30 March 2007,"['Drama', 'Mystery', 'Thriller']",R,8.4
59,Django Unchained,425368238.0,133.0,81.0,"['Jamie Foxx', 'Christoph Waltz', 'Leonardo DiCaprio']",['Quentin Tarantino'],['Quentin Tarantino'],25 December 2012,"['Drama', 'Western']",R,8.4
60,Paths of Glory,5252.0,2597.0,,"['Kirk Douglas', 'Ralph Meeker', 'Adolphe Menjou']","['Stanley Kubrick', 'Calder Willingham']",['Stanley Kubrick'],25 December 1957,"['Drama', 'War']",Approved,8.4
61,The Shining,46328290.0,79.0,66.0,"['Jack Nicholson', 'Shelley Duvall', 'Danny Lloyd']","['Stephen King', 'Stanley Kubrick']",['Stanley Kubrick'],13 June 1980,"['Drama', 'Horror']",R,8.4
62,WALL·E,521311860.0,1064.0,95.0,"['Ben Burtt', 'Elissa Knight', 'Jeff Garlin']","['Andrew Stanton', 'Pete Docter']",['Andrew Stanton'],27 June 2008,"['Animation', 'Adventure', 'Family']",G,8.4
63,Avengers: Infinity War,2048359754.0,132.0,68.0,"['Robert Downey Jr.', 'Chris Hemsworth', 'Mark Ruffalo']","['Christopher Markus', 'Stephen McFeely']","['Anthony Russo', 'Joe Russo']",27 April 2018,"['Action', 'Adventure', 'Sci-Fi']",PG-13,8.4
64,Sunset Blvd.,299645.0,2604.0,,"['William Holden', 'Gloria Swanson', 'Erich von Stroheim']","['Charles Brackett', 'Billy Wilder']",['Billy Wilder'],29 September 1950,"['Drama', 'Film-Noir']",Passed,8.4
65,Spider-Man: Into the Spider-Verse,375540831.0,152.0,87.0,"['Shameik Moore', 'Jake Johnson', 'Hailee Steinfeld']","['Phil Lord', 'Rodney Rothman']","['Bob Persichetti', 'Peter Ramsey']",14 December 2018,"['Animation', 'Action', 'Adventure']",PG,8.4
66,Princess Mononoke,167693877.0,640.0,76.0,"['Yôji Matsuda', 'Yuriko Ishida', 'Yûko Tanaka']","['Hayao Miyazaki', 'Neil Gaiman']",['Hayao Miyazaki'],19 December 1997,"['Animation', 'Adventure', 'Fantasy']",PG-13,8.4
67,Dr. Strangelove or: How I Learned to Stop Worrying and Love the Bomb,9443876.0,286.0,97.0,"['Peter Sellers', 'George C. Scott', 'Sterling Hayden']","['Stanley Kubrick', 'Terry Southern']",['Stanley Kubrick'],29 January 1964,['Comedy'],PG,8.4
68,Witness for the Prosecution,7693.0,3401.0,,"['Tyrone Power', 'Marlene Dietrich', 'Charles Laughton']","['Agatha Christie', 'Billy Wilder']",['Billy Wilder'],6 February 1958,"['Crime', 'Drama', 'Mystery']",Approved,8.4
69,Oldboy,15001764.0,536.0,77.0,"['Min-sik Choi', 'Ji-Tae Yoo', 'Hye-jeong Kang']","['Garon Tsuchiya', 'Nobuaki Minegishi']",['Chan-wook Park'],21 November 2003 ,"['Action', 'Drama', 'Mystery']",R,8.4
70,The Dark Knight Rises,1081050863.0,190.0,78.0,"['Christian Bale', 'Tom Hardy', 'Anne Hathaway']","['Jonathan Nolan', 'Christopher Nolan']",['Christopher Nolan'],20 July 2012,"['Action', 'Adventure']",PG-13,8.4
71,Once Upon a Time in America,5472914.0,199.0,,"['Robert De Niro', 'James Woods', 'Elizabeth McGovern']","['Harry Grey', 'Leonardo Benvenuti']",['Sergio Leone'],1 June 1984,"['Crime', 'Drama']",R,8.4
72,Avengers: Endgame,2797800564.0,29.0,78.0,"['Robert Downey Jr.', 'Chris Evans', 'Mark Ruffalo']","['Christopher Markus', 'Stephen McFeely']","['Anthony Russo', 'Joe Russo']",26 April 2019,"['Action', 'Adventure', 'Drama']",PG-13,8.4
73,Aliens,131366610.0,456.0,84.0,"['Sigourney Weaver', 'Michael Biehn', 'Carrie Henn']","['James Cameron', 'David Giler']",['James Cameron'],18 July 1986,"['Action', 'Adventure', 'Sci-Fi']",R,8.3
74,Your Name.,358922706.0,581.0,79.0,"['Ryûnosuke Kamiki', 'Mone Kamishiraishi', 'Ryô Narita']","['Makoto Shinkai', 'Makoto Shinkai']",['Makoto Shinkai'],7 April 2017,"['Animation', 'Drama', 'Fantasy']",PG,8.4
75,Coco,807082196.0,429.0,81.0,"['Anthony Gonzalez', 'Gael García Bernal', 'Benjamin Bratt']","['Lee Unkrich', 'Jason Katz']","['Lee Unkrich', 'Adrian Molina']",22 November 2017,"['Animation', 'Adventure', 'Family']",PG,8.4
76,American Beauty,356296601.0,299.0,84.0,"['Kevin Spacey', 'Annette Bening', 'Thora Birch']",['Alan Ball'],['Sam Mendes'],1 October 1999,['Drama'],R,8.3
77,Braveheart,213216216.0,232.0,68.0,"['Mel Gibson', 'Sophie Marceau', 'Patrick McGoohan']",['Randall Wallace'],['Mel Gibson'],24 May 1995,"['Biography', 'Drama', 'History']",R,8.3
78,3 Idiots,60262836.0,1110.0,67.0,"['Aamir Khan', 'Madhavan', 'Mona Singh']","['Rajkumar Hirani', 'Abhijat Joshi']",['Rajkumar Hirani'],25 December 2009,"['Comedy', 'Drama']",PG-13,8.4
79,Das Boot,11487676.0,907.0,86.0,"['Jürgen Prochnow', 'Herbert Grönemeyer', 'Klaus Wennemann']","['Wolfgang Petersen', 'Lothar G. Buchheim']",['Wolfgang Petersen'],10 February 1982,"['Adventure', 'Drama', 'Thriller']",R,8.3
80,Toy Story,404265438.0,751.0,95.0,"['Tom Hanks', 'Tim Allen', 'Don Rickles']","['John Lasseter', 'Pete Docter']",['John Lasseter'],22 November 1995,"['Animation', 'Adventure', 'Comedy']",G,8.3
81,High and Low,46808.0,4737.0,,"['Toshirô Mifune', 'Yutaka Sada', 'Tatsuya Nakadai']","['Hideo Oguni', 'Ryûzô Kikushima']",['Akira Kurosawa'],26 November 1963,"['Crime', 'Drama', 'Mystery']",Not Rated,8.4
82,Amadeus,52066791.0,931.0,88.0,"['F. Murray Abraham', 'Tom Hulce', 'Elizabeth Berridge']","['Peter Shaffer', 'Peter Shaffer']",['Milos Forman'],19 September 1984,"['Biography', 'Drama', 'History']",R,8.3
83,Like Stars on Earth,21897373.0,3041.0,,"['Darsheel Safary', 'Aamir Khan', 'Tisca Chopra']","['Amole Gupte', 'Amole Gupte']","['Aamir Khan', 'Amole Gupte']",21 December 2007,"['Drama', 'Family']",PG,8.4
84,Star Wars: Episode VI - Return of the Jedi,475347111.0,768.0,58.0,"['Mark Hamill', 'Harrison Ford', 'Carrie Fisher']","['Lawrence Kasdan', 'George Lucas']",['Richard Marquand'],25 May 1983,"['Action', 'Adventure', 'Fantasy']",PG,8.3
85,Inglourious Basterds,321455689.0,102.0,69.0,"['Brad Pitt', 'Diane Kruger', 'Eli Roth']",['Quentin Tarantino'],['Quentin Tarantino'],21 August 2009,"['Adventure', 'Drama', 'War']",R,8.3
86,Reservoir Dogs,2889963.0,520.0,79.0,"['Harvey Keitel', 'Tim Roth', 'Michael Madsen']","['Quentin Tarantino', 'Quentin Tarantino']",['Quentin Tarantino'],2 September 1992,"['Crime', 'Drama', 'Thriller']",R,8.3
87,Good Will Hunting,225933435.0,233.0,70.0,"['Robin Williams', 'Matt Damon', 'Ben Affleck']","['Matt Damon', 'Ben Affleck']",['Gus Van Sant'],9 January 1998,"['Drama', 'Romance']",R,8.3
88,Capernaum,64413178.0,846.0,75.0,"['Zain Al Rafeea', 'Yordanos Shiferaw', 'Boluwatife Treasure Bankole']","['Nadine Labaki', 'Jihad Hojeily']",['Nadine Labaki'],20 September 2018,['Drama'],R,8.4
89,2001: A Space Odyssey,68987630.0,488.0,84.0,"['Keir Dullea', 'Gary Lockwood', 'William Sylvester']","['Stanley Kubrick', 'Arthur C. Clarke']",['Stanley Kubrick'],12 May 1968,"['Adventure', 'Sci-Fi']",G,8.3
90,Requiem for a Dream,7390108.0,241.0,68.0,"['Ellen Burstyn', 'Jared Leto', 'Jennifer Connelly']","['Hubert Selby Jr.', 'Hubert Selby Jr.']",['Darren Aronofsky'],15 December 2000,['Drama'],R,8.3
91,1917,375321528.0,37.0,78.0,"['Dean-Charles Chapman', 'George MacKay', 'Daniel Mays']","['Sam Mendes', 'Krysty Wilson-Cairns']",['Sam Mendes'],10 January 2020,"['Drama', 'War']",R,8.3
92,Vertigo,7796389.0,980.0,100.0,"['James Stewart', 'Kim Novak', 'Barbara Bel Geddes']","['Alec Coppel', 'Samuel A. Taylor']",['Alfred Hitchcock'],22 May 1958,"['Mystery', 'Romance', 'Thriller']",PG,8.3
93,M,35566.0,3370.0,,"['Peter Lorre', 'Ellen Widmann', 'Inge Landgut']","['Thea von Harbou', 'Fritz Lang']",['Fritz Lang'],31 August 1931,"['Crime', 'Mystery', 'Thriller']",Passed,8.3
94,Dangal,303723636.0,1693.0,,"['Aamir Khan', 'Sakshi Tanwar', 'Fatima Sana Shaikh']","['Piyush Gupta', 'Shreyas Jain']",['Nitesh Tiwari'],21 December 2016,"['Action', 'Biography', 'Drama']",Not Rated,8.4
95,Eternal Sunshine of the Spotless Mind,74036715.0,417.0,89.0,"['Jim Carrey', 'Kate Winslet', 'Tom Wilkinson']","['Charlie Kaufman', 'Michel Gondry']",['Michel Gondry'],19 March 2004,"['Drama', 'Romance', 'Sci-Fi']",R,8.3
96,The Hunt,15843274.0,1075.0,77.0,"['Mads Mikkelsen', 'Thomas Bo Larsen', 'Annika Wedderkopp']","['Tobias Lindholm', 'Thomas Vinterberg']",['Thomas Vinterberg'],10 January 2013,['Drama'],R,8.3
97,Citizen Kane,1594107.0,1240.0,100.0,"['Orson Welles', 'Joseph Cotten', 'Dorothy Comingore']","['Herman J. Mankiewicz', 'Orson Welles']",['Orson Welles'],5 September 1941,"['Drama', 'Mystery']",PG,8.3
98,Full Metal Jacket,46357676.0,509.0,76.0,"['Matthew Modine', 'R. Lee Ermey', ""Vincent D'Onofrio""]","['Stanley Kubrick', 'Michael Herr']",['Stanley Kubrick'],10 July 1987,"['Drama', 'War']",R,8.3
99,Bicycle Thieves,428978.0,4552.0,,"['Lamberto Maggiorani', 'Enzo Staiola', 'Lianella Carell']","['Cesare Zavattini', 'Luigi Bartolini']",['Vittorio De Sica'],13 December 1949,['Drama'],Not Rated,8.3
100,North by Northwest,71534.0,1613.0,98.0,"['Cary Grant', 'Eva Marie Saint', 'James Mason']",['Ernest Lehman'],['Alfred Hitchcock'],26 September 1959,"['Adventure', 'Mystery', 'Thriller']",Approved,8.3
101,A Clockwork Orange,26903440.0,315.0,80.0,"['Malcolm McDowell', 'Patrick Magee', 'Michael Bates']","['Stanley Kubrick', 'Anthony Burgess']",['Stanley Kubrick'],2 February 1972,"['Crime', 'Drama', 'Sci-Fi']",R,8.3
102,The Kid,26916.0,3638.0,,"['Charles Chaplin', 'Edna Purviance', 'Jackie Coogan']",['Charles Chaplin'],['Charles Chaplin'],6 February 1921,"['Comedy', 'Drama', 'Family']",Passed,8.3
103,Snatch,83557872.0,485.0,55.0,"['Jason Statham', 'Brad Pitt', 'Benicio Del Toro']",['Guy Ritchie'],['Guy Ritchie'],19 January 2001,"['Comedy', 'Crime']",R,8.3
104,Singin' in the Rain,1864182.0,1347.0,99.0,"['Gene Kelly', ""Donald O'Connor"", 'Debbie Reynolds']","['Betty Comden', 'Adolph Green']","['Stanley Donen', 'Gene Kelly']",11 April 1952,"['Comedy', 'Musical', 'Romance']",G,8.3
105,Scarface,66023329.0,200.0,65.0,"['Al Pacino', 'Michelle Pfeiffer', 'Steven Bauer']",['Oliver Stone'],['Brian De Palma'],9 December 1983,"['Crime', 'Drama']",R,8.3
106,Taxi Driver,28441292.0,235.0,94.0,"['Robert De Niro', 'Jodie Foster', 'Cybill Shepherd']",['Paul Schrader'],['Martin Scorsese'],9 February 1976,"['Crime', 'Drama']",R,8.3
107,Amélie,173924742.0,924.0,69.0,"['Audrey Tautou', 'Mathieu Kassovitz', 'Rufus']","['Guillaume Laurant', 'Jean-Pierre Jeunet']",['Jean-Pierre Jeunet'],8 February 2002,"['Comedy', 'Romance']",R,8.3
108,Lawrence of Arabia,45710874.0,1128.0,100.0,"[""Peter O'Toole"", 'Alec Guinness', 'Anthony Quinn']","['T.E. Lawrence', 'Robert Bolt']",['David Lean'],11 December 1962,"['Adventure', 'Biography', 'Drama']",Approved,8.3
109,Toy Story 3,1066969703.0,1316.0,92.0,"['Tom Hanks', 'Tim Allen', 'Joan Cusack']","['John Lasseter', 'Andrew Stanton']",['Lee Unkrich'],18 June 2010,"['Animation', 'Adventure', 'Comedy']",G,8.3
110,The Sting,156000000.0,2154.0,83.0,"['Paul Newman', 'Robert Redford', 'Robert Shaw']",['David S. Ward'],['George Roy Hill'],25 December 1973,"['Comedy', 'Crime', 'Drama']",PG,8.3
111,Ikiru,90773.0,4767.0,,"['Takashi Shimura', 'Nobuo Kaneko', ""Shin'ichi Himori""]","['Akira Kurosawa', 'Shinobu Hashimoto']",['Akira Kurosawa'],25 March 1956,['Drama'],Not Rated,8.3
112,Metropolis,1349711.0,2238.0,98.0,"['Brigitte Helm', 'Alfred Abel', 'Gustav Fröhlich']","['Thea von Harbou', 'Thea von Harbou']",['Fritz Lang'],13 March 1927,"['Drama', 'Sci-Fi']",Not Rated,8.3
113,A Separation,22926076.0,2614.0,95.0,"['Payman Maadi', 'Leila Hatami', 'Sareh Bayat']",['Asghar Farhadi'],['Asghar Farhadi'],16 March 2011,['Drama'],PG-13,8.3
114,For a Few Dollars More,15000000.0,1557.0,74.0,"['Clint Eastwood', 'Lee Van Cleef', 'Gian Maria Volontè']","['Sergio Leone', 'Fulvio Morsella']",['Sergio Leone'],10 May 1967,['Western'],R,8.3
115,Incendies,7099598.0,1206.0,80.0,"['Lubna Azabal', 'Mélissa Désormeaux-Poulin', 'Maxim Gaudette']","['Denis Villeneuve', 'Wajdi Mouawad']",['Denis Villeneuve'],12 January 2011,"['Drama', 'Mystery', 'War']",R,8.3
116,The Apartment,177066.0,2827.0,94.0,"['Jack Lemmon', 'Shirley MacLaine', 'Fred MacMurray']","['Billy Wilder', 'I.A.L. Diamond']",['Billy Wilder'],16 September 1960,"['Comedy', 'Drama', 'Romance']",Not Rated,8.3
117,Double Indemnity,13886.0,3755.0,95.0,"['Fred MacMurray', 'Barbara Stanwyck', 'Edward G. Robinson']","['Billy Wilder', 'Raymond Chandler']",['Billy Wilder'],6 July 1944,"['Crime', 'Drama', 'Film-Noir']",Passed,8.3
118,To Kill a Mockingbird,599146.0,1815.0,88.0,"['Gregory Peck', 'John Megna', 'Frank Overton']","['Harper Lee', 'Horton Foote']",['Robert Mulligan'],16 March 1963,"['Crime', 'Drama']",Approved,8.2
119,Anand,,,,"['Rajesh Khanna', 'Amitabh Bachchan', 'Sumita Sanyal']","['Hrishikesh Mukherjee', 'Hrishikesh Mukherjee']",['Hrishikesh Mukherjee'],12 March 1971,"['Drama', 'Musical']",Not Rated,8.5
120,Indiana Jones and the Last Crusade,474310887.0,573.0,65.0,"['Harrison Ford', 'Sean Connery', 'Alison Doody']","['Jeffrey Boam', 'George Lucas']",['Steven Spielberg'],24 May 1989,"['Action', 'Adventure']",PG-13,8.2
121,Up,735099082.0,856.0,88.0,"['Edward Asner', 'Jordan Nagai', 'John Ratzenberger']","['Pete Docter', 'Bob Peterson']","['Pete Docter', 'Bob Peterson']",29 May 2009,"['Animation', 'Adventure', 'Comedy']",PG,8.2
122,Come and See,168817.0,307.0,,"['Aleksey Kravchenko', 'Olga Mironova', 'Liubomiras Laucevicius']","['Ales Adamovich', 'Ales Adamovich']",['Elem Klimov'],17 October 1985,"['Drama', 'War']",Not Rated,8.3
123,L.A. Confidential,126216940.0,815.0,90.0,"['Kevin Spacey', 'Russell Crowe', 'Guy Pearce']","['James Ellroy', 'Brian Helgeland']",['Curtis Hanson'],19 September 1997,"['Crime', 'Drama', 'Mystery']",R,8.2
124,Heat,187436818.0,336.0,76.0,"['Al Pacino', 'Robert De Niro', 'Val Kilmer']",['Michael Mann'],['Michael Mann'],15 December 1995,"['Crime', 'Drama', 'Thriller']",R,8.2
125,Monty Python and the Holy Grail,1938877.0,1054.0,93.0,"['Graham Chapman', 'John Cleese', 'Eric Idle']","['Graham Chapman', 'John Cleese']","['Terry Gilliam', 'Terry Jones']",25 May 1975,"['Adventure', 'Comedy', 'Fantasy']",PG,8.2
126,Die Hard,141482154.0,602.0,72.0,"['Bruce Willis', 'Alan Rickman', 'Bonnie Bedelia']","['Roderick Thorp', 'Jeb Stuart']",['John McTiernan'],20 July 1988,"['Action', 'Thriller']",R,8.2
127,Rashomon,46808.0,2872.0,98.0,"['Toshirô Mifune', 'Machiko Kyô', 'Masayuki Mori']","['Ryûnosuke Akutagawa', 'Akira Kurosawa']",['Akira Kurosawa'],26 December 1951,"['Crime', 'Drama', 'Mystery']",Not Rated,8.2
128,Yojimbo,46808.0,2650.0,,"['Toshirô Mifune', 'Eijirô Tôno', 'Tatsuya Nakadai']","['Akira Kurosawa', 'Akira Kurosawa']",['Akira Kurosawa'],13 September 1961,"['Action', 'Drama', 'Thriller']",Not Rated,8.2
129,Batman Begins,379680185.0,309.0,70.0,"['Christian Bale', 'Michael Caine', 'Ken Watanabe']","['Bob Kane', 'David S. Goyer']",['Christopher Nolan'],15 June 2005,"['Action', 'Adventure']",PG-13,8.2
130,Green Book,321752656.0,264.0,69.0,"['Viggo Mortensen', 'Mahershala Ali', 'Linda Cardellini']","['Nick Vallelonga', 'Brian Hayes Currie']",['Peter Farrelly'],16 November 2018,"['Biography', 'Comedy', 'Drama']",PG-13,8.2
131,Downfall,92181574.0,1279.0,82.0,"['Bruno Ganz', 'Alexandra Maria Lara', 'Ulrich Matthes']","['Bernd Eichinger', 'Joachim Fest']",['Oliver Hirschbiegel'],8 April 2005,"['Biography', 'Drama', 'History']",R,8.2
132,Children of Heaven,933933.0,,,"['Mohammad Amir Naji', 'Amir Farrokh Hashemian', 'Bahare Seddiqi']",['Majid Majidi'],['Majid Majidi'],22 January 1999,"['Drama', 'Family', 'Sport']",PG,8.3
133,Unforgiven,159157447.0,676.0,85.0,"['Clint Eastwood', 'Gene Hackman', 'Morgan Freeman']",['David Webb Peoples'],['Clint Eastwood'],7 August 1992,"['Drama', 'Western']",R,8.2
134,Some Like It Hot,83169282.0,675.0,98.0,"['Marilyn Monroe', 'Tony Curtis', 'Jack Lemmon']","['Billy Wilder', 'I.A.L. Diamond']",['Billy Wilder'],19 March 1959,"['Comedy', 'Music', 'Romance']",Not Rated,8.2
135,Ran,4160924.0,2046.0,96.0,"['Tatsuya Nakadai', 'Akira Terao', 'Jinpachi Nezu']","['Akira Kurosawa', 'Hideo Oguni']",['Akira Kurosawa'],1 June 1985,"['Action', 'Drama', 'War']",R,8.2
136,Howl's Moving Castle,236212992.0,557.0,80.0,"['Chieko Baishô', 'Takuya Kimura', 'Tatsuya Gashûin']","['Hayao Miyazaki', 'Diana Wynne Jones']",['Hayao Miyazaki'],17 June 2005,"['Animation', 'Adventure', 'Family']",PG,8.2
137,The Great Escape,227940.0,2005.0,86.0,"['Steve McQueen', 'James Garner', 'Richard Attenborough']","['Paul Brickhill', 'James Clavell']",['John Sturges'],4 July 1963,"['Adventure', 'Drama', 'History']",Not Rated,8.2
138,A Beautiful Mind,316791257.0,667.0,72.0,"['Russell Crowe', 'Ed Harris', 'Jennifer Connelly']","['Akiva Goldsman', 'Sylvia Nasar']",['Ron Howard'],4 January 2002,"['Biography', 'Drama']",PG-13,8.2
139,All About Eve,150438.0,3654.0,98.0,"['Bette Davis', 'Anne Baxter', 'George Sanders']",['Joseph L. Mankiewicz'],['Joseph L. Mankiewicz'],27 October 1950,['Drama'],Passed,8.2
140,Casino,116112375.0,448.0,73.0,"['Robert De Niro', 'Sharon Stone', 'Joe Pesci']","['Nicholas Pileggi', 'Nicholas Pileggi']",['Martin Scorsese'],22 November 1995,"['Crime', 'Drama']",R,8.2
141,Pan's Labyrinth,83850267.0,613.0,98.0,"['Ivana Baquero', 'Ariadna Gil', 'Sergi López']",['Guillermo del Toro'],['Guillermo del Toro'],19 January 2007,"['Drama', 'Fantasy', 'War']",R,8.2
142,The Wolf of Wall Street,392000694.0,43.0,75.0,"['Leonardo DiCaprio', 'Jonah Hill', 'Margot Robbie']","['Terence Winter', 'Jordan Belfort']",['Martin Scorsese'],25 December 2013,"['Biography', 'Crime', 'Drama']",R,8.2
143,The Secret in Their Eyes,42629597.0,1633.0,80.0,"['Ricardo Darín', 'Soledad Villamil', 'Pablo Rago']","['Eduardo Sacheri', 'Juan José Campanella']",['Juan José Campanella'],21 May 2010,"['Drama', 'Mystery', 'Romance']",R,8.2
144,"Lock, Stock and Two Smoking Barrels",3753929.0,999.0,66.0,"['Jason Flemyng', 'Dexter Fletcher', 'Nick Moran']",['Guy Ritchie'],['Guy Ritchie'],28 August 1998,"['Action', 'Comedy', 'Crime']",R,8.2
145,My Neighbor Totoro,30476970.0,1284.0,86.0,"['Hitoshi Takagi', 'Noriko Hidaka', 'Chika Sakamoto']",['Hayao Miyazaki'],['Hayao Miyazaki'],13 July 1990,"['Animation', 'Family', 'Fantasy']",G,8.2
146,Raging Bull,23402117.0,1369.0,89.0,"['Robert De Niro', 'Cathy Moriarty', 'Joe Pesci']","['Jake LaMotta', 'Joseph Carter']",['Martin Scorsese'],19 December 1980,"['Biography', 'Drama', 'Sport']",R,8.2
147,There Will Be Blood,76181545.0,469.0,93.0,"['Daniel Day-Lewis', 'Paul Dano', 'Ciarán Hinds']","['Paul Thomas Anderson', 'Upton Sinclair']",['Paul Thomas Anderson'],25 January 2008,['Drama'],R,8.2
148,The Treasure of the Sierra Madre,215295.0,4558.0,98.0,"['Humphrey Bogart', 'Walter Huston', 'Tim Holt']","['John Huston', 'B. Traven']",['John Huston'],24 January 1948,"['Adventure', 'Drama', 'Western']",Passed,8.2
149,Judgment at Nuremberg,12180.0,4977.0,60.0,"['Spencer Tracy', 'Burt Lancaster', 'Richard Widmark']","['Abby Mann', 'Abby Mann']",['Stanley Kramer'],18 December 1961,"['Drama', 'War']",Approved,8.2
150,My Father and My Son,18612999.0,,,"['Çetin Tekindor', 'Fikret Kuskan', 'Hümeyra']",['Çagan Irmak'],['Çagan Irmak'],18 November 2005,"['Drama', 'Family']",,8.3
151,"Three Billboards Outside Ebbing, Missouri",160192031.0,367.0,88.0,"['Frances McDormand', 'Woody Harrelson', 'Sam Rockwell']",['Martin McDonagh'],['Martin McDonagh'],1 December 2017,"['Comedy', 'Crime', 'Drama']",R,8.2
152,Dial M for Murder,18816.0,3675.0,75.0,"['Ray Milland', 'Grace Kelly', 'Robert Cummings']","['Frederick Knott', 'Frederick Knott']",['Alfred Hitchcock'],29 May 1954,"['Crime', 'Thriller']",PG,8.2
153,Dil Bechara,,2884.0,,"['Sushant Singh Rajput', 'Sanjana Sanghi', 'Sahil Vaid']","['Shashank Khaitan', 'Suprotim Sengupta']",['Mukesh Chhabra'],24 July 2020,"['Comedy', 'Drama', 'Romance']",,9.6
154,The Gold Rush,26916.0,,,"['Charles Chaplin', 'Mack Swain', 'Tom Murray']",['Charles Chaplin'],['Charles Chaplin'],13 July 1925,"['Adventure', 'Comedy', 'Drama']",Passed,8.2
155,Chinatown,29225935.0,1025.0,92.0,"['Jack Nicholson', 'Faye Dunaway', 'John Huston']",['Robert Towne'],['Roman Polanski'],20 June 1974,"['Drama', 'Mystery', 'Thriller']",R,8.2
156,V for Vendetta,132511035.0,392.0,62.0,"['Hugo Weaving', 'Natalie Portman', 'Rupert Graves']","['Lilly Wachowski', 'Lana Wachowski']",['James McTeigue'],17 March 2006,"['Action', 'Drama', 'Sci-Fi']",R,8.2
157,No Country for Old Men,171627166.0,173.0,91.0,"['Tommy Lee Jones', 'Javier Bardem', 'Josh Brolin']","['Joel Coen', 'Ethan Coen']","['Ethan Coen', 'Joel Coen']",21 November 2007,"['Crime', 'Drama', 'Thriller']",R,8.1
158,Shutter Island,294804195.0,312.0,63.0,"['Leonardo DiCaprio', 'Emily Mortimer', 'Mark Ruffalo']","['Laeta Kalogridis', 'Dennis Lehane']",['Martin Scorsese'],19 February 2010,"['Mystery', 'Thriller']",R,8.2
159,The Seventh Seal,230571.0,1444.0,,"['Max von Sydow', 'Gunnar Björnstrand', 'Bengt Ekerot']","['Ingmar Bergman', 'Ingmar Bergman']",['Ingmar Bergman'],13 October 1958,"['Drama', 'Fantasy']",Not Rated,8.2
160,Inside Out,857951174.0,596.0,94.0,"['Amy Poehler', 'Bill Hader', 'Lewis Black']","['Pete Docter', 'Ronnie Del Carmen']","['Pete Docter', 'Ronnie Del Carmen']",19 June 2015,"['Animation', 'Adventure', 'Comedy']",PG,8.1
161,Warrior,23308615.0,578.0,71.0,"['Tom Hardy', 'Nick Nolte', 'Joel Edgerton']","[""Gavin O'Connor"", 'Anthony Tambakis']","[""Gavin O'Connor""]",9 September 2011,"['Action', 'Drama', 'Sport']",PG-13,8.2
162,The Elephant Man,26020641.0,1818.0,78.0,"['Anthony Hopkins', 'John Hurt', 'Anne Bancroft']","['Christopher De Vore', 'Eric Bergren']",['David Lynch'],10 October 1980,"['Biography', 'Drama']",PG,8.1
163,Trainspotting,16593356.0,827.0,83.0,"['Ewan McGregor', 'Ewen Bremner', 'Jonny Lee Miller']","['Irvine Welsh', 'John Hodge']",['Danny Boyle'],9 August 1996,['Drama'],R,8.1
164,The Sixth Sense,672806292.0,624.0,64.0,"['Bruce Willis', 'Haley Joel Osment', 'Toni Collette']",['M. Night Shyamalan'],['M. Night Shyamalan'],6 August 1999,"['Drama', 'Mystery', 'Thriller']",PG-13,8.1
165,The Thing,19629760.0,524.0,57.0,"['Kurt Russell', 'Wilford Brimley', 'Keith David']","['Bill Lancaster', 'John W. Campbell Jr.']",['John Carpenter'],25 June 1982,"['Horror', 'Mystery', 'Sci-Fi']",R,8.1
166,Jurassic Park,1032762121.0,124.0,68.0,"['Sam Neill', 'Laura Dern', 'Jeff Goldblum']","['Michael Crichton', 'Michael Crichton']",['Steven Spielberg'],11 June 1993,"['Action', 'Adventure', 'Sci-Fi']",PG-13,8.1
167,Gone with the Wind,402352579.0,661.0,97.0,"['Clark Gable', 'Vivien Leigh', 'Thomas Mitchell']","['Margaret Mitchell', 'Sidney Howard']","['Victor Fleming', 'George Cukor']",17 January 1940,"['Drama', 'History', 'Romance']",Passed,8.1
168,Wild Strawberries,14524.0,4001.0,88.0,"['Victor Sjöström', 'Bibi Andersson', 'Ingrid Thulin']",['Ingmar Bergman'],['Ingmar Bergman'],22 June 1959,"['Drama', 'Romance']",Not Rated,8.2
169,Blade Runner,41475030.0,400.0,84.0,"['Harrison Ford', 'Rutger Hauer', 'Sean Young']","['Hampton Fancher', 'David Webb Peoples']",['Ridley Scott'],25 June 1982,"['Action', 'Sci-Fi', 'Thriller']",R,8.1
170,Finding Nemo,962859504.0,863.0,90.0,"['Albert Brooks', 'Ellen DeGeneres', 'Alexander Gould']","['Andrew Stanton', 'Andrew Stanton']","['Andrew Stanton', 'Lee Unkrich']",30 May 2003,"['Animation', 'Adventure', 'Comedy']",G,8.1
171,Room,35401758.0,470.0,86.0,"['Brie Larson', 'Jacob Tremblay', 'Sean Bridgers']","['Emma Donoghue', 'Emma Donoghue']",['Lenny Abrahamson'],22 January 2016,"['Drama', 'Thriller']",R,8.1
172,The Truman Show,264118201.0,156.0,90.0,"['Jim Carrey', 'Ed Harris', 'Laura Linney']",['Andrew Niccol'],['Peter Weir'],5 June 1998,"['Comedy', 'Drama', 'Sci-Fi']",PG,8.1
173,The Bridge on the River Kwai,27200000.0,3084.0,87.0,"['William Holden', 'Alec Guinness', 'Jack Hawkins']","['Pierre Boulle', 'Carl Foreman']",['David Lean'],14 December 1957,"['Adventure', 'Drama', 'War']",PG,8.1
174,Stalker,303815.0,1854.0,,"['Alisa Freyndlikh', 'Aleksandr Kaydanovskiy', 'Anatoliy Solonitsyn']","['Arkadiy Strugatskiy', 'Boris Strugatskiy']",['Andrei Tarkovsky'],17 April 1980,"['Drama', 'Sci-Fi']",Not Rated,8.2
175,Kill Bill: Vol. 1,180899045.0,285.0,69.0,"['Uma Thurman', 'David Carradine', 'Daryl Hannah']","['Quentin Tarantino', 'Quentin Tarantino']",['Quentin Tarantino'],10 October 2003,"['Action', 'Crime', 'Thriller']",R,8.1
176,Fargo,60611975.0,631.0,85.0,"['William H. Macy', 'Frances McDormand', 'Steve Buscemi']","['Ethan Coen', 'Joel Coen']","['Joel Coen', 'Ethan Coen']",5 April 1996,"['Crime', 'Drama', 'Thriller']",R,8.1
177,The Third Man,1225424.0,3975.0,97.0,"['Orson Welles', 'Joseph Cotten', 'Alida Valli']","['Graham Greene', 'Graham Greene']",['Carol Reed'],12 October 1949,"['Film-Noir', 'Mystery', 'Thriller']",Approved,8.1
178,On the Waterfront,,3108.0,91.0,"['Marlon Brando', 'Karl Malden', 'Lee J. Cobb']","['Budd Schulberg', 'Budd Schulberg']",['Elia Kazan'],22 June 1954,"['Crime', 'Drama', 'Thriller']",Approved,8.1
179,Gran Torino,269958228.0,1484.0,72.0,"['Clint Eastwood', 'Bee Vang', 'Christopher Carley']","['Nick Schenk', 'Dave Johannson']",['Clint Eastwood'],9 January 2009,['Drama'],R,8.1
180,Tokyo Story,40405.0,,,"['Chishû Ryû', 'Chieko Higashiyama', 'Sô Yamamura']","['Kôgo Noda', 'Yasujirô Ozu']",['Yasujirô Ozu'],13 March 1972,['Drama'],Not Rated,8.2
181,Memories of Murder,1333816.0,1416.0,82.0,"['Kang-ho Song', 'Sang-kyung Kim', 'Roe-ha Kim']","['Bong Joon Ho', 'Kwang-rim Kim']",['Bong Joon Ho'],2 May 2003 ,"['Action', 'Crime', 'Drama']",Not Rated,8.1
182,The Deer Hunter,49074243.0,973.0,86.0,"['Robert De Niro', 'Christopher Walken', 'John Cazale']","['Michael Cimino', 'Deric Washburn']",['Michael Cimino'],23 February 1979,"['Drama', 'War']",R,8.1
183,Wild Tales,30642704.0,2134.0,77.0,"['Darío Grandinetti', 'María Marull', 'Mónica Villa']","['Germán Servidio', 'Damián Szifron']",['Damián Szifron'],21 August 2014,"['Comedy', 'Drama', 'Thriller']",R,8.1
184,Klaus,,2251.0,65.0,"['Jason Schwartzman', 'J.K. Simmons', 'Rashida Jones']","['Sergio Pablos', 'Sergio Pablos']","['Sergio Pablos', 'Carlos Martínez López']",15 November 2019,"['Animation', 'Adventure', 'Comedy']",PG,8.2
185,Andhadhun,49391206.0,2385.0,,"['Ayushmann Khurrana', 'Tabu', 'Radhika Apte']","['Arijit Biswas', 'Yogesh Chandekar']",['Sriram Raghavan'],5 October 2018,"['Crime', 'Thriller']",Not Rated,8.3
186,In the Name of the Father,65796862.0,2735.0,84.0,"['Daniel Day-Lewis', 'Pete Postlethwaite', 'Alison Crosbie']","['Gerry Conlon', 'Terry George']",['Jim Sheridan'],25 February 1994,"['Biography', 'Drama']",R,8.1
187,Mary and Max,1739445.0,3621.0,,"['Toni Collette', 'Philip Seymour Hoffman', 'Eric Bana']",['Adam Elliot'],['Adam Elliot'],9 April 2009,"['Animation', 'Comedy', 'Drama']",Not Rated,8.1
188,The Bandit,,,,"['Sener Sen', 'Ugur Yücel', 'Sermin Hürmeriç']",['Yavuz Turgul'],['Yavuz Turgul'],29 November 1996,"['Crime', 'Drama', 'Thriller']",TV-MA,8.3
189,The Big Lebowski,46735469.0,148.0,71.0,"['Jeff Bridges', 'John Goodman', 'Julianne Moore']","['Ethan Coen', 'Joel Coen']","['Joel Coen', 'Ethan Coen']",6 March 1998,"['Comedy', 'Crime', 'Sport']",R,8.1
190,Gone Girl,369330363.0,204.0,79.0,"['Ben Affleck', 'Rosamund Pike', 'Neil Patrick Harris']","['Gillian Flynn', 'Gillian Flynn']",['David Fincher'],3 October 2014,"['Drama', 'Mystery', 'Thriller']",R,8.1
191,Hacksaw Ridge,180450918.0,471.0,71.0,"['Andrew Garfield', 'Sam Worthington', 'Luke Bracey']","['Robert Schenkkan', 'Andrew Knight']",['Mel Gibson'],4 November 2016,"['Biography', 'Drama', 'History']",R,8.1
192,The Grand Budapest Hotel,172936941.0,442.0,88.0,"['Ralph Fiennes', 'F. Murray Abraham', 'Mathieu Amalric']","['Stefan Zweig', 'Wes Anderson']",['Wes Anderson'],28 March 2014,"['Adventure', 'Comedy', 'Crime']",R,8.1
193,Before Sunrise,5986708.0,1198.0,77.0,"['Ethan Hawke', 'Julie Delpy', 'Andrea Eckert']","['Richard Linklater', 'Kim Krizan']",['Richard Linklater'],27 January 1995,"['Drama', 'Romance']",R,8.1
194,To Be or Not to Be,4578000.0,,86.0,"['Carole Lombard', 'Jack Benny', 'Robert Stack']","['Melchior Lengyel', 'Edwin Justus Mayer']",['Ernst Lubitsch'],6 March 1942,"['Comedy', 'War']",Passed,8.2
195,Catch Me If You Can,352114312.0,172.0,75.0,"['Leonardo DiCaprio', 'Tom Hanks', 'Christopher Walken']","['Jeff Nathanson', 'Frank Abagnale Jr.']",['Steven Spielberg'],25 December 2002,"['Biography', 'Crime', 'Drama']",PG-13,8.1
196,Persona,12142.0,2439.0,86.0,"['Bibi Andersson', 'Liv Ullmann', 'Margaretha Krook']",['Ingmar Bergman'],['Ingmar Bergman'],16 March 1967,"['Drama', 'Thriller']",Not Rated,8.1
197,Ford v Ferrari,225508210.0,26.0,81.0,"['Matt Damon', 'Christian Bale', 'Jon Bernthal']","['Jez Butterworth', 'John-Henry Butterworth']",['James Mangold'],15 November 2019,"['Action', 'Biography', 'Drama']",PG-13,8.1
198,How to Train Your Dragon,494878759.0,1468.0,75.0,"['Jay Baruchel', 'Gerard Butler', 'Christopher Mintz-Plasse']","['William Davies', 'Dean DeBlois']","['Dean DeBlois', 'Chris Sanders']",26 March 2010,"['Animation', 'Action', 'Adventure']",PG,8.1
199,The General,,,,"['Buster Keaton', 'Marion Mack', 'Glen Cavender']","['Buster Keaton', 'Clyde Bruckman']","['Clyde Bruckman', 'Buster Keaton']",2 January 1927,"['Action', 'Adventure', 'Comedy']",Passed,8.1
200,Prisoners,122126687.0,244.0,70.0,"['Hugh Jackman', 'Jake Gyllenhaal', 'Viola Davis']",['Aaron Guzikowski'],['Denis Villeneuve'],20 September 2013,"['Crime', 'Drama', 'Mystery']",R,8.1
201,Sherlock Jr.,,,,"['Buster Keaton', 'Kathryn McGuire', 'Joe Keaton']","['Jean C. Havez', 'Joseph A. Mitchell']",['Buster Keaton'],11 May 1924,"['Action', 'Comedy', 'Romance']",Passed,8.2
202,Mr. Smith Goes to Washington,144738.0,,73.0,"['James Stewart', 'Jean Arthur', 'Claude Rains']","['Sidney Buchman', 'Lewis R. Foster']",['Frank Capra'],19 October 1939,"['Comedy', 'Drama']",Passed,8.1
203,12 Years a Slave,187733202.0,481.0,96.0,"['Chiwetel Ejiofor', 'Michael Kenneth Williams', 'Michael Fassbender']","['John Ridley', 'Solomon Northup']",['Steve McQueen'],8 November 2013,"['Biography', 'Drama', 'History']",R,8.1
204,Mad Max: Fury Road,375209362.0,67.0,90.0,"['Tom Hardy', 'Charlize Theron', 'Nicholas Hoult']","['George Miller', 'Brendan McCarthy']",['George Miller'],15 May 2015,"['Action', 'Adventure', 'Sci-Fi']",R,8.1
205,Barry Lyndon,198992.0,1605.0,89.0,"[""Ryan O'Neal"", 'Marisa Berenson', 'Patrick Magee']","['Stanley Kubrick', 'William Makepeace Thackeray']",['Stanley Kubrick'],18 December 1975,"['Adventure', 'Drama', 'History']",PG,8.1
206,Stand by Me,52287414.0,77.0,75.0,"['Wil Wheaton', 'River Phoenix', 'Corey Feldman']","['Stephen King', 'Raynold Gideon']",['Rob Reiner'],26 November 1986,"['Adventure', 'Drama']",R,8.1
207,Network,23690757.0,2289.0,83.0,"['Faye Dunaway', 'William Holden', 'Peter Finch']",['Paddy Chayefsky'],['Sidney Lumet'],27 November 1976,['Drama'],R,8.1
208,Cool Hand Luke,,2638.0,92.0,"['Paul Newman', 'George Kennedy', 'Strother Martin']","['Donn Pearce', 'Frank Pierson']",['Stuart Rosenberg'],1 November 1967,"['Crime', 'Drama']",GP,8.1
209,Million Dollar Baby,216763646.0,523.0,86.0,"['Hilary Swank', 'Clint Eastwood', 'Morgan Freeman']","['Paul Haggis', 'F.X. Toole']",['Clint Eastwood'],28 January 2005,"['Drama', 'Sport']",PG-13,8.1
210,Into the Wild,56674477.0,381.0,73.0,"['Emile Hirsch', 'Vince Vaughn', 'Catherine Keener']","['Sean Penn', 'Jon Krakauer']",['Sean Penn'],19 October 2007,"['Adventure', 'Biography', 'Drama']",R,8.1
211,Hachi: A Dog's Tale,46749646.0,2789.0,,"['Richard Gere', 'Joan Allen', 'Cary-Hiroyuki Tagawa']","['Stephen P. Lindsey', 'Kaneto Shindô']",['Lasse Hallström'],12 March 2010,"['Drama', 'Family']",G,8.1
212,The Wages of Fear,1098.0,,85.0,"['Yves Montand', 'Charles Vanel', 'Peter van Eyck']","['Georges Arnaud', 'Henri-Georges Clouzot']",['Henri-Georges Clouzot'],16 February 1955,"['Adventure', 'Drama', 'Thriller']",Not Rated,8.1
213,Ben-Hur,74427638.0,2624.0,90.0,"['Charlton Heston', 'Jack Hawkins', 'Stephen Boyd']","['Lew Wallace', 'Karl Tunberg']",['William Wyler'],29 January 1960,"['Adventure', 'Drama', 'History']",G,8.1
214,Platoon,138545632.0,787.0,92.0,"['Charlie Sheen', 'Tom Berenger', 'Willem Dafoe']",['Oliver Stone'],['Oliver Stone'],6 February 1987,"['Drama', 'War']",R,8.1
215,Dead Poets Society,235860116.0,852.0,79.0,"['Robin Williams', 'Robert Sean Leonard', 'Ethan Hawke']",['Tom Schulman'],['Peter Weir'],9 June 1989,"['Comedy', 'Drama']",PG,8.1
216,Monty Python's Life of Brian,20738770.0,1390.0,77.0,"['Graham Chapman', 'John Cleese', 'Michael Palin']","['Graham Chapman', 'John Cleese']",['Terry Jones'],17 August 1979,['Comedy'],R,8.1
217,Rififi,521342.0,,97.0,"['Jean Servais', 'Carl Möhner', 'Robert Manuel']","['Auguste Le Breton', 'Jules Dassin']",['Jules Dassin'],5 June 1956,"['Crime', 'Thriller']",Not Rated,8.2
218,Harry Potter and the Deathly Hallows: Part 2,1361871305.0,238.0,85.0,"['Daniel Radcliffe', 'Emma Watson', 'Rupert Grint']","['Steve Kloves', 'J.K. Rowling']",['David Yates'],15 July 2011,"['Adventure', 'Drama', 'Fantasy']",PG-13,8.1
219,Rush,96983009.0,451.0,74.0,"['Daniel Brühl', 'Chris Hemsworth', 'Olivia Wilde']",['Peter Morgan'],['Ron Howard'],27 September 2013,"['Action', 'Biography', 'Drama']",R,8.1
220,Logan,619021436.0,349.0,77.0,"['Hugh Jackman', 'Patrick Stewart', 'Dafne Keen']","['James Mangold', 'Scott Frank']",['James Mangold'],3 March 2017,"['Action', 'Drama', 'Sci-Fi']",R,8.1
221,The Passion of Joan of Arc,21877.0,,,"['Maria Falconetti', 'Eugene Silvain', 'André Berley']","['Joseph Delteil', 'Carl Theodor Dreyer']",['Carl Theodor Dreyer'],25 October 1928,"['Biography', 'Drama', 'History']",Passed,8.1
222,Andrei Rublev,145491.0,4780.0,,"['Anatoliy Solonitsyn', 'Ivan Lapikov', 'Nikolay Grinko']","['Andrey Konchalovskiy', 'Andrei Tarkovsky']",['Andrei Tarkovsky'],October 1973,"['Biography', 'Drama', 'History']",R,8.1
223,The 400 Blows,127244.0,4929.0,,"['Jean-Pierre Léaud', 'Albert Rémy', 'Claire Maurier']","['François Truffaut', 'Marcel Moussy']",['François Truffaut'],16 November 1959,"['Crime', 'Drama']",Not Rated,8.1
224,The Handmaiden,37767206.0,666.0,84.0,"['Min-hee Kim', 'Jung-woo Ha', 'Jin-woong Cho']","['Sarah Waters', 'Seo-kyeong Jeong']",['Chan-wook Park'],1 June 2016 ,"['Drama', 'Romance', 'Thriller']",Not Rated,8.1
225,Hotel Rwanda,33882243.0,2265.0,79.0,"['Don Cheadle', 'Sophie Okonedo', 'Joaquin Phoenix']","['Keir Pearson', 'Terry George']",['Terry George'],4 February 2005,"['Biography', 'Drama', 'History']",PG-13,8.1
226,Amores Perros,20908467.0,2851.0,83.0,"['Emilio Echevarría', 'Gael García Bernal', 'Goya Toledo']",['Guillermo Arriaga'],['Alejandro G. Iñárritu'],13 April 2001,"['Drama', 'Thriller']",R,8.1
227,Spotlight,98690254.0,700.0,93.0,"['Mark Ruffalo', 'Michael Keaton', 'Rachel McAdams']","['Josh Singer', 'Tom McCarthy']",['Tom McCarthy'],20 November 2015,"['Biography', 'Crime', 'Drama']",R,8.1
228,Rang De Basanti,8846694.0,,,"['Aamir Khan', 'Soha Ali Khan', 'Siddharth']","[""Renzil D'Silva"", 'Prasoon Joshi']",['Rakeysh Omprakash Mehra'],26 January 2006,"['Comedy', 'Drama']",Not Rated,8.2
229,Nausicaä of the Valley of the Wind,2340981.0,1833.0,86.0,"['Sumi Shimamoto', 'Mahito Tsujimura', 'Hisako Kyôda']","['Hayao Miyazaki', 'Hayao Miyazaki']",['Hayao Miyazaki'],25 November 1987,"['Animation', 'Adventure', 'Fantasy']",PG,8.1
230,Rocky,117235147.0,832.0,70.0,"['Sylvester Stallone', 'Talia Shire', 'Burt Young']",['Sylvester Stallone'],['John G. Avildsen'],3 December 1976,"['Drama', 'Sport']",PG,8.1
231,La Haine,280859.0,2883.0,,"['Vincent Cassel', 'Hubert Koundé', 'Saïd Taghmaoui']",['Mathieu Kassovitz'],['Mathieu Kassovitz'],23 February 1996,"['Crime', 'Drama']",Not Rated,8.1
232,"Monsters, Inc.",632316649.0,969.0,79.0,"['Billy Crystal', 'John Goodman', 'Mary Gibbs']","['Pete Docter', 'Jill Culton']","['Pete Docter', 'David Silverman']",2 November 2001,"['Animation', 'Adventure', 'Comedy']",G,8.0
233,Rebecca,72275.0,3003.0,86.0,"['Laurence Olivier', 'Joan Fontaine', 'George Sanders']","['Daphne Du Maurier', 'Robert E. Sherwood']",['Alfred Hitchcock'],12 April 1940,"['Drama', 'Mystery', 'Romance']",Approved,8.1
234,Gangs of Wasseypur,4384642.0,2288.0,89.0,"['Manoj Bajpayee', 'Richa Chadha', 'Nawazuddin Siddiqui']","['Akhilesh Jaiswal', 'Anurag Kashyap']",['Anurag Kashyap'],22 June 2012,"['Action', 'Crime', 'Drama']",R,8.2
235,Portrait of a Lady on Fire,9915428.0,216.0,95.0,"['Noémie Merlant', 'Adèle Haenel', 'Luàna Bajrami']",['Céline Sciamma'],['Céline Sciamma'],14 February 2020,"['Drama', 'Romance']",R,8.1
236,The Circus,26916.0,,90.0,"['Charles Chaplin', 'Merna Kennedy', 'Al Ernest Garcia']",['Charles Chaplin'],['Charles Chaplin'],29 January 1928,"['Comedy', 'Romance']",Passed,8.2
237,It Happened One Night,,4732.0,87.0,"['Clark Gable', 'Claudette Colbert', 'Walter Connolly']","['Robert Riskin', 'Samuel Hopkins Adams']",['Frank Capra'],22 February 1934,"['Comedy', 'Romance']",Approved,8.1
238,Before Sunset,15936507.0,2322.0,90.0,"['Ethan Hawke', 'Julie Delpy', 'Vernon Dobtcheff']","['Richard Linklater', 'Julie Delpy']",['Richard Linklater'],30 July 2004,"['Drama', 'Romance']",R,8.0
239,In the Mood for Love,12854953.0,1869.0,85.0,"['Tony Chiu-Wai Leung', 'Maggie Cheung', 'Ping Lam Siu']",['Kar-Wai Wong'],['Kar-Wai Wong'],9 March 2001,"['Drama', 'Romance']",PG,8.1
240,"Paris, Texas",2206121.0,1887.0,78.0,"['Harry Dean Stanton', 'Nastassja Kinski', 'Dean Stockwell']","['L.M. Kit Carson', 'Sam Shepard']",['Wim Wenders'],23 August 1984,['Drama'],R,8.1
241,Drishyam,,3909.0,,"['Ajay Devgn', 'Shriya Saran', 'Tabu']","['Jeethu Joseph', 'Upendra Sidhaye']",['Nishikant Kamat'],31 July 2015,"['Crime', 'Drama', 'Mystery']",Not Rated,8.2
242,The Help,216639112.0,205.0,62.0,"['Emma Stone', 'Viola Davis', 'Octavia Spencer']","['Tate Taylor', 'Kathryn Stockett']",['Tate Taylor'],10 August 2011,['Drama'],PG-13,8.0
243,The Invisible Guest,31191910.0,663.0,,"['Mario Casas', 'Ana Wagener', 'Jose Coronado']",['Oriol Paulo'],['Oriol Paulo'],6 January 2017,"['Crime', 'Mystery', 'Thriller']",,8.1
244,The Princess Bride,30877156.0,90.0,77.0,"['Cary Elwes', 'Mandy Patinkin', 'Robin Wright']","['William Goldman', 'William Goldman']",['Rob Reiner'],9 October 1987,"['Adventure', 'Family', 'Fantasy']",PG,8.1
245,The Terminator,78488281.0,431.0,84.0,"['Arnold Schwarzenegger', 'Linda Hamilton', 'Michael Biehn']","['James Cameron', 'Gale Anne Hurd']",['James Cameron'],26 October 1984,"['Action', 'Sci-Fi']",R,8.0
246,Swades,1953889.0,,,"['Shah Rukh Khan', 'Gayatri Joshi', 'Kishori Ballal']","['M.G. Sathya', 'Ashutosh Gowariker']",['Ashutosh Gowariker'],17 December 2004,['Drama'],Not Rated,8.2
247,The Battle of Algiers,964028.0,,96.0,"['Brahim Hadjadj', 'Jean Martin', 'Yacef Saadi']","['Franco Solinas', 'Franco Solinas']",['Gillo Pontecorvo'],20 September 1967,"['Drama', 'War']",Not Rated,8.1
248,Munna Bhai M.B.B.S.,3137716.0,,,"['Sanjay Dutt', 'Arshad Warsi', 'Gracy Singh']","['Vidhu Vinod Chopra', 'Rajkumar Hirani']",['Rajkumar Hirani'],19 December 2003,"['Comedy', 'Drama', 'Musical']",Not Rated,8.1
249,Hera Pheri,,,,"['Akshay Kumar', 'Sunil Shetty', 'Paresh Rawal']","['Siddique', 'Lal']",['Priyadarshan'],31 March 2000,"['Action', 'Comedy', 'Crime']",Not Rated,8.2
